<config xmlns:xsi="http://www.w3.org/2001/XMLSchema-instance"
        xmlns="http://www.ehcache.org/v3"
        xmlns:jsr107="http://www.ehcache.org/v3/jsr107"
        xsi:schemaLocation="
            http://www.ehcache.org/v3 http://www.ehcache.org/schema/ehcache-core-3.0.xsd
            http://www.ehcache.org/v3/jsr107 http://www.ehcache.org/schema/ehcache-107-ext-3.0.xsd">

    <cache alias="configs">
        <key-type>java.lang.String</key-type>
        <value-type>java.lang.String</value-type>
<!--        <expiry>-->
<!--            <ttl unit="seconds">30</ttl>-->
<!--            <ttl unit="minutes">1</ttl>-->
<!--        </expiry>-->
        <resources>
            <offheap unit="MB">5</offheap>
        </resources>
    </cache>

    <cache alias="phones">
        <key-type>java.lang.String</key-type>
        <value-type>java.lang.String</value-type>
        <!--        <expiry>-->
        <!--            <ttl unit="seconds">30</ttl>-->
        <!--            <ttl unit="minutes">1</ttl>-->
        <!--        </expiry>-->
        <resources>
            <offheap unit="MB">2</offheap>
        </resources>
    </cache>
</config>