<?xml version="1.0" encoding="UTF-8" ?>
<!DOCTYPE mapper
        PUBLIC "-//mybatis.org//DTD Mapper 3.0//EN"
        "http://mybatis.org/dtd/mybatis-3-mapper.dtd">
<mapper namespace="com.yihecode.camera.ai.mapper.ReportMapper">

    <!--**
    *
    * @param queryWrapper
    * @return
    *-->
    <select id="selectAlgorithmRatio" resultType="map">
        select algorithm_id, count(1) cnt from tbl_biz_report
        ${ew.customSqlSegment}
    </select>

    <!--**
    *
    * @param queryWrapper
    * @return
    *-->
    <select id="selectCamera" resultType="map">
        select camera_id, count(1) cnt from tbl_biz_report
        ${ew.customSqlSegment}
    </select>

    <!--**
    *
    * @param queryWrapper
    * @return
    *-->
    <select id="selectCameraAlgorithm" resultType="map">
        select camera_id, algorithm_id, count(1) cnt from tbl_biz_report
        ${ew.customSqlSegment}
    </select>

    <select id="selectAlgorithmStatics" resultType="map">
        select algorithm_id, count(1) ct from tbl_biz_report
        <where>
            <if test="startMills != null">
                and created_mills &gt;= #{startMills}
            </if>
            <if test="endMills != null">
                and created_mills &lt; #{endMills}
            </if>
        </where>
        group by algorithm_id
        order by ct desc
    </select>
</mapper>